{
  "7225047465": {
    "tg_id": 7225047465,
    "tg_username": "Franciszw",
    "first_name": "— Amir",
    "ff_id": "777",
    "ts": 1763114280
  },
  "8124598894": {
    "tg_id": 8124598894,
    "tg_username": "Xinuos_a",
    "first_name": "- X!nuos",
    "ff_id": "1856227474",
    "ts": 1763119826
  },
  "6888241857": {
    "tg_id": 6888241857,
    "tg_username": "Ali_4030_2005",
    "first_name": "𝑨𝒍𝒊",
    "ff_id": "8374039586",
    "ts": 1763190466
  },
  "8432983089": {
    "tg_id": 8432983089,
    "tg_username": "Shayaan_Dev",
    "first_name": "shayan",
    "ff_id": "777",
    "ts": 1763812201
  },
  "6706610978": {
    "tg_id": 6706610978,
    "tg_username": "HOTSHOP_F",
    "first_name": ".",
    "ff_id": "9204516594",
    "ts": 1763903993
  },
  "6531253975": {
    "tg_id": 6531253975,
    "tg_username": "Mey3am_ahvaz",
    "first_name": "爪乇ㄚ੩卂爪",
    "ff_id": "4129846331",
    "ts": 1764361866
  }
}